From	To
P07882	Cel
P19835	CEL
P30122	CEL
P34163	TGL1
P38571	LIPA
Q07804	YEH1
Q07950	YEH2
Q4R4S5	LIPA
Q64194	Lipa
Q64285	Cel
Q9Z0M5	Lipa
A0JN54	DGKA
A5IU64	dagK
A6QIC6	dagK
A6U302	dagK
A7X424	dagK
A8JQ65	CG34384
A8Z2R1	dagK
B3LXF2	GF18176
B3NYS4	GG14241
B4I4Y1	GM10981
B4JHJ7	GH18973
B4K6T8	GI24133
B4PRE2	GE24946
B4R0A5	GD19954
B9DMT6	dagK
D3YWQ0	Dgki
D3YXJ0	Dgkh
D3ZEY4	Dgkq
E9PUQ8	Dgkd
F1MAB7	Dgki
F4JKI3	DGK6
F4JQ95	DGK7
O08560	Dgkz
O31502	dagK
O75912	DGKI
O88673	Dgka
P0ABN1	dgkA
P0ABN2	dgkA
P0ABN3	dgkA
P0ABN4	dgkA
P20192	DGKA
P23743	DGKA
P29945	dgkA
P34125	dgkA
P44424	dgkA
P49619	DGKG
P49620	Dgkg
P49621	Dgkb
P51556	Dgka
P52429	DGKE
P52824	DGKQ
P56411	dgkA
P9WP28	dagK
P9WP29	dagK
Q01583	Dgk
Q03603	dgk-
Q06119	dgkA
Q09103	rdgA
Q10024	dgk-
Q13574	DGKZ
Q16760	DGKD
Q1PDI2	DGK4
Q2FFJ7	dagK
Q2FWZ2	dagK
Q2YU29	dagK
Q39017	DGK1
Q49YU2	dagK
Q4L7L1	dagK
Q53H12	AGK
Q55143	dgkA
Q5HEM4	dagK
Q5HN36	dagK
Q5KSL6	DGKK
Q5RED7	AGK
Q64398	DGKH
Q6G835	dagK
Q6GFF9	dagK
Q6NS52	Dgkb
Q6P5E8	Dgkq
Q7A0H3	dagK
Q7A4Q8	dagK
Q7XQT2	DGK1
Q7ZW00	agk
Q7ZYJ3	agk
Q80UP3	Dgkz
Q86XP1	DGKH
Q8CRU5	dagK
Q8VZG1	DGK3
Q91WG7	Dgkg
Q99SY8	dagK
Q9C5E5	DGK5
Q9ESW4	Agk
Q9FFN7	DGK2
Q9HY23	dgkA
Q9R1C6	Dgke
Q9Y6T7	DGKB
Q9ZLE0	dgkA
A1AF47	aas
A1JPF0	aas
A4TLD3	aas
A4WE11	aas
A6TDH2	aas
A7FFD1	aas
A7MR36	aas
A7ZQU2	aas
A8A3X0	aas
A8AP56	aas
A9N3H8	aas
A9R2S1	aas
B1IU08	aas
B1JQC1	aas
B1LR34	aas
B1XDP2	aas
B2JZ75	aas
B2TYQ5	aas
B2VFS7	aas
B4T503	aas
B4TGR5	aas
B4TUM9	aas
B5BFH6	aas
B5F4V4	aas
B5FUB9	aas
B5QWU2	aas
B5RDY6	aas
B5XUP2	aas
B5Z4F4	aas
B6I6W1	aas
B7LF13	aas
B7LNJ2	aas
B7MLI2	aas
B7N768	aas
B7NVY2	aas
B7UHQ4	aas
C0PXJ8	aas
C4ZZY9	aas
C6DE43	aas
P31119	aas
Q0T128	aas
Q0TDZ6	aas
Q1CAS8	aas
Q1R7H5	aas
Q3YY21	aas
Q57KA7	aas
Q5PEN7	aas
Q667F1	aas
Q6D107	aas
Q74RZ6	aas
Q7N7A9	aas
Q83JV7	aas
Q8FEA6	aas
Q8X6J8	aas
Q8Z406	aas
Q8ZMA4	aas
P0C1Q3	Lpcat2
Q1HAQ0	Lpcat1
Q1LWG4	lpcat1
Q3TFD2	Lpcat1
Q502J0	lpcat2
Q7L5N7	LPCAT2
Q8BYI6	Lpcat2
Q8L7R3	LPEAT1
Q8NF37	LPCAT1
Q8S8S2	LPEAT2
Q6DW73	DGD2
Q6DW74	DGD1
Q6DW75	DGD2
Q6DW76	DGD1
Q8W1S1	DGD2
Q9S7D1	DGD1
P06200	plcH
P09598	plc
P09978	hlb
P0A5R9	plcD
P0C216	plc
P15713	plcN
P20419	plc
P33376	cerA
P33378	plcB
P59026	plc
P9WIA8	plcD
P9WIA9	plcD
P9WIB0	plcC
P9WIB1	plcC
P9WIB2	plcB
P9WIB3	plcB
P9WIB4	plcA
P9WIB5	plcA
Q0TV31	plc
Q2FWP1	hlb
Q46150	plc
Q5HEI1	hlb
Q8VUZ6	plc
Q9RF12	plc
Q9RGS8	plcN
Q9S816	NPC5
Q9SRQ7	NPC4
A0PP57	lysX
A0QHC4	lysX
A0QYV1	lysX
A1KJ57	lysX
A1TAC7	lysX
A1UHB3	lysX
A3Q0V0	lysX
A4T9U2	lysX
A5U2Z7	lysX
A5WMW1	lysX
B1MAX9	lysX
B2HR11	lysX
B8ZRJ4	lysX
C0H3X7	mprF
C0ZL89	lysX
C1ANR3	lysX
C1B7Z5	lysX
C6DS31	lysX
D0LB45	lysX
P9WFU6	lysX
P9WFU7	lysX
Q0SAA3	lysX
Q1B7P4	lysX
Q2G2M2	mprF
Q4L667	mprF
Q5HG59	mprF
Q5HPI1	mprF
Q5Z3P6	lysX
Q6G9J9	mprF
Q6GH45	mprF
Q740J9	lysX
Q7A5R9	mprF
Q7VEV7	lysX
Q8CPC0	mprF
Q8NWU7	mprF
Q93QY7	mprF
Q99UB9	mprF
Q9AIV3	mprF
Q9CC23	lysX
O70362	Gpld1
P80108	GPLD1
P80109	GPLD1
Q86AV9	pldG
Q8R2H5	Gpld1
A0A0P0WY03	DGAT1-
A0A161IUT7	DGAT1
A0QU51	fbpB
A1A442	DGAT2
A1KJU9	fbpB
A1KQD8	fbpA
A5U3Q3	fbpB
F4IU14	WSD3
I1MSF2	DGAT1B
K7K424	DGAT2D
K7LC65	DGAT1C
O06052	fbpA
O52956	fbpA
O52972	fbpC
O74850	dga1
O75907	DGAT1
P0A4V5	fbpC
P0A651	BQ2027_MB3154C
P0C2T1	fbpA
P0C2T2	fbpB
P21160	fbpB
P31951	fbpB
P58248	fbpA
P67205	BQ2027_MB0919
P67207	BQ2027_MB2306
P67209	BQ2027_MB3115
P67211	BQ2027_MB3761C
P9WKA2	MT0919
P9WKA3	Rv0895
P9WKA4	MT3848
P9WKA5	Rv3740c
P9WKA6	MT3584
P9WKA7	Rv3480c
P9WKA8	MT3481
P9WKA9	Rv3371
P9WKB0	MT3172
P9WKB1	Rv3087
P9WKB2	MT2557
P9WKB3	Rv2484c
P9WKB4	MT2343
P9WKB5	Rv2285
P9WKB6	MT0231
P9WKB7	Rv0221
P9WKB8	MT1809
P9WKB9	Rv1760
P9WKC0	MT1468
P9WKC1	Rv1425
P9WKC2	tgs4
P9WKC3	tgs4
P9WKC4	tgs3
P9WKC5	tgs3
P9WKC6	tgs2
P9WKC7	tgs2
P9WKC8	tgs1
P9WKC9	tgs1
P9WQN8	fbpC
P9WQN9	fbpC
P9WQP0	fbpB
P9WQP1	fbpB
P9WQP2	fbpA
P9WQP3	fbpA
Q05861	fbpA
Q05862	fbpC
Q06947	fbpB
Q08650	DGA1
Q49575	fbpB
Q4V9F0	dgat2
Q50397	fbpB
Q54GC1	dgat2
Q55BH9	dgat1
Q5FVP8	Dgat2
Q5GKZ7	DGAT1A
Q5I396	DGAT1-
Q5KS41	WSD11
Q6P342	dgat2
Q6PAZ3	dgat2
Q70VZ8	DGAT2
Q75BY0	DGA1
Q86VF5	MOGAT3
Q8GGG1	wax-dgaT
Q8MK44	DGAT1
Q93ZR6	WSD1
Q94CK0	WSD7
Q96PD7	DGAT2
Q96UY1	DGAT2B
Q96UY2	DGAT2A
Q9ASU1	DGAT2
Q9C5W0	DGAT3
Q9C7H4	WSD2
Q9DCV3	Dgat2
Q9ERM3	Dgat1
Q9FFE8	WSD8
Q9FK04	WSD10
Q9FK89	WSD9
Q9GMF1	DGAT1
Q9KH57	fbpA
Q9M3B1	WSD6
Q9M3B2	WSD5
Q9M3B3	WSD4
Q9SLD2	DGAT1
Q9Z2A7	Dgat1
P79106	PAFAH2
P83006	Pafah2
Q8VDG7	Pafah2
Q99487	PAFAH2
A1C7T5	cho2
A1DIF7	CHO2
A2R616	cho2
A3LQW6	CHO2
A4RHN5	CHO2
A5DL79	CHO2
A5DS78	CHO2
A6S950	CHO2
A6ZUG8	CHO2
A7TLA7	CHO2-
A7TNI7	CHO2-
A8PRN6	CHO2
B0D4E6	CHO2
B0XUW3	cho2
B2B2N5	CHO2
B2WFD4	cho2
B3LI73	CHO2
B5VJA0	CHO2
B6HJA3	cho2
B6JWP7	cho2
B6QG32	cho2
B8MBN3	cho2
B8N6H2	cho2
B9WL59	CHO2
C0NLX2	CHO2
C0RZV6	CHO2
C1G565	CHO2
C1GZK1	CHO2
C4JDF8	CHO2
C4QXE9	CHO2
C4Y206	CHO2
C4YL78	CHO2
C5DGB6	CHO2
C5DZU3	CHO2
C5FZ62	CHO2
C5GN10	CHO2
C5JCV0	CHO2
C5M4D4	CHO2
C5PEI5	CHO2
C6H4B5	CHO2
C7GQ65	CHO2
C7Z7C3	CHO2
C8Z951	CHO2
D1ZIW5	CHO2
D4AT37	CHO2
D4DGR3	CHO2
O74787	cho2
P05374	CHO2
P05375	OPI3
Q05197	pmtA
Q08388	Pemt
Q0CVD7	cho2
Q0U2R3	CHO2
Q2H0U8	CHO2
Q2UDE5	cho2
Q4WZS1	cho2
Q54H80	pemtB
Q54SD5	pemtA
Q59LV5	CHO2
Q5BBC6	choA
Q61907	Pemt
Q6BY28	CHO2
Q6C6U9	CHO2
Q6CJI9	CHO2
Q6FVB6	CHO2
Q754G0	CHO2
Q7SAJ6	chol-
Q7YRH6	PEMT
Q9UBM1	PEMT
A7LB59	STO-B
A7LB60	STO-A
P0DKC5	HSD1
P0DKC6	HSD1
P16232	Hsd11b1
P28845	HSD11B1
P50172	Hsd11b1
P51975	HSD11B1
Q29608	HSD11B1
Q6QLL4	HSD11B1
Q6R0J2	HSD11B1
Q7M3I4	HSD11B1
Q8LKV5	SOP3
Q93W57	SOP2
O14735	CDIPT
P06197	PIS1
P70500	Cdipt
Q10153	pis1
Q8GUK6	PIS2
Q8LBA6	PIS1
Q8SX37	Pis
Q8VDP6	Cdipt
P15539	Cyp11b2
P19099	CYP11B2
P30099	Cyp11b2
P30100	Cyp11b3
Q64658	CYP11B2
C4R4B3	PAS_chr3_0357
G4MS28	MGG_10668
G5EC84	cgt-
I1RPI4	GCS1
J9W453	GCS1
O18037	cgt-
O88693	Ugcg
Q16739	UGCG
Q21054	cgt-
Q5AMQ4	HSX11
Q5BL38	ugcg
Q5U4S8	ugcg-b
Q8AY29	ugcg-a
Q9R0E0	Ugcg
O13010	PIP4K2A
O70172	Pip4k2a
O88370	Pip4k2c
O88377	Pip4k2b
P48426	PIP4K2A
P78356	PIP4K2B
Q0P5F7	PIP4K2C
Q5F356	PIP4K2A
Q5PQ01	pip4k2c
Q5R488	PIP4K2C
Q6GL14	pip4k2c
Q6IQE1	pip4k2c
Q80XI4	Pip4k2b
Q8TBX8	PIP4K2C
Q91XU3	Pip4k2c
Q9R0I8	Pip4k2a
A0A0G2JXT6	Mtmr6
A0JMK5	mtmr2
A1L244	sacm1lb
A4VCH0	sacm1la
A6QL88	SACM1L
A6QLT2	MTMR2
A6QLT4	MTM1
F4J3T8	MTM1
F4JWB3	MTM2
G5ED68	mtm-
O13819	SPAC19A8.
O53361	sapM
P32368	SAC1
P47147	YMR1
Q13496	MTM1
Q13613	MTMR1
Q13614	MTMR2
Q13615	MTMR3
Q22712	mtm-
Q52KU6	mtm1
Q55AW9	sac1
Q5EB32	mtm1
Q5F452	MTMR8
Q5PQT2	Mtmr3
Q5R6F6	MTMR7
Q5R921	SACM1L
Q5R9S3	MTM1
Q5REB9	MTMR2
Q5ZIV1	MTMR2
Q6AXQ4	Mtm1
Q6GM29	sacm1l
Q6TEL0	mtmr8
Q7XZU3	SAC1
Q8K296	Mtmr3
Q8VE11	Mtmr6
Q96EF0	MTMR8
Q9EP69	Sacm1l
Q9ES21	Sacm1l
Q9N589	mtm-
Q9NTJ5	SACM1L
Q9W0I6	Sac1
Q9Y216	MTMR7
Q9Y217	MTMR6
Q9Z2C4	Mtmr1
Q9Z2C5	Mtm1
Q9Z2C9	Mtmr7
Q9Z2D1	Mtmr2
Q00973	B4GALNT1
Q09200	B4galnt1
Q10468	B4galnt1
A1AC64	pgsA
A1JLU9	pgsA
A4TK40	pgsA
O66076	pgsA
O67908	pgsA
O80952	PGPS1
P0ABF8	pgsA
P0ABF9	pgsA
P0ABG0	pgsA
P25578	PGS1
P44528	pgsA
P45419	pgsA
P46322	pgsA
P47360	pgsA
P63755	pgsA
P63756	pgsA
P63757	pgsA
P75520	pgsA
P79001	PGS1
P9WPG2	pgsA-
P9WPG3	pgsA3
Q0T3L5	pgsA
Q0TGS6	pgsA
Q1C8L0	pgsA
Q1CHE5	pgsA
Q1RAM8	pgsA
Q1RKM3	pgsA
Q2KJ28	PGS1
Q2NTS8	pgsA
Q322L9	pgsA
Q32HD9	pgsA
Q32NB8	PGS1
Q3IYX7	pgsA
Q3Z2T6	pgsA
Q492P7	pgsA
Q4UN77	pgsA
Q57N57	pgsA
Q5HGE8	pgsA
Q5HPQ8	pgsA
Q5N9A1	Os01g0789100
Q5PI18	pgsA
Q5R8K7	PGS1
Q5ZHN9	PGS1
Q66BN4	pgsA
Q68XS5	pgsA
Q6D364	pgsA
Q6G9T0	pgsA
Q6GHF2	pgsA
Q7CQB9	pgsA
Q7KWX2	pgs1
Q7N5C8	pgsA
Q7VR12	pgsA
Q83R47	pgsA
Q8BHF7	Pgs1
Q8CPF7	pgsA
Q8D2N9	pgsA
Q8XFD0	pgsA
Q8ZF51	pgsA
Q92JJ2	pgsA
Q9HDW1	pgs1
Q9M2W3	PGPS2
Q9Z2Z7	PGS1
Q9ZE96	pgsA
A0A0G2K344	Pik3ca
G5EDY0	piki-
O00329	PIK3CD
O00443	PIK3C2A
O00750	PIK3C2B
O02697	PIK3CG
O35904	Pik3cd
O88763	Pik3c3
P0C5E7	age-
P22543	VPS34
P32871	PIK3CA
P42336	PIK3CA
P42337	Pik3ca
P42339	VPS34
P48736	PIK3CG
P50520	vps34
P54673	pikA
P54674	pikB
P54675	pikC
P54676	pikE
Q5D891	PIK3C3
Q5RAY1	PIK3C2A
Q61194	Pik3c2a
Q6AZN6	pik3c3
Q6PF93	Pik3c3
Q8NEB9	PIK3C3
Q8SR56	VPS34
Q92213	VPS34
Q94125	age-
Q9JHG7	Pik3cg
Q9TXI7	vps-
F4IDU4	LPCAT1
O01925	mboa-
O08709	Prdx6
O35244	Prdx6
O42916	ale1
O77834	PRDX6
P30041	PRDX6
P33333	SLC1
P86215	PRDX6
Q06510	TAZ1
Q08548	ALE1
Q0KHU5	LPCAT
Q28C60	lpcat4
Q2PFL9	PRDX6
Q3SZL3	LPCAT3
Q3T1J2	Mboat2
Q5FVN0	Lpcat3
Q5R7E0	PRDX6
Q5ZJF4	PRDX6
Q5ZKL6	mboat2
Q643R3	LPCAT4
Q6DCK1	lpcat4
Q6NVG1	Lpcat4
Q6P1A2	LPCAT3
Q6ZNC8	MBOAT1
Q6ZWT7	MBOAT2
Q8BH98	Mboat1
Q8R3I2	Mboat2
Q91V01	Lpcat3
Q9CAN8	LPCAT2
Q9TSX9	PRDX6
Q9VVX5	nes
G5ECR8	gba-
H1AE12	EGC1
H1AE13	egc1
I1BTD7	ERC1
O16580	gba-
O16581	gba-
P04062	GBA
P17439	Gba
P97265	Gba3
Q2KHZ8	GBA
Q5M868	Gba2
Q5R8E3	GBA
Q5RF65	GBA3
Q69ZF3	Gba2
Q70KH2	GBA
Q7KT91	CG33090
Q9BDT0	GBA
Q9H227	GBA3
Q9HCG7	GBA2
Q9UB00	gba-
A0R4S9	ksdD
P71864	kstD
Q7D5C1	kstD
B0G126	pip5k3
O59722	fab1
O96838	fab1
P34756	FAB1
Q0WUR5	FAB1A
Q9LUM0	FAB1B
Q9SSJ8	FAB1C
Q9XID0	FAB1D
Q9Y2I7	PIKFYVE
Q9Z1T6	Pikfyve
P93472	DIM
Q39085	DIM
Q9VUF8	shd
O94680	plh1
P40345	LRO1
Q9FNA9	PDAT1
Q9FYC7	PDAT2
B5X3C1	galc
O02791	GALC
P54803	GALC
P54804	GALC
P54818	Galc
Q0VA39	galc
Q498K0	galc
Q5SNX7	galc
Q95QT2	C29E4.
D3ZSI8	Pip5k1a
O13853	its3
O14986	PIP5K1B
O48709	PIP5K3
O60331	PIP5K1C
O70161	Pip5k1c
P38994	MSS4
P70181	Pip5k1b
P70182	Pip5k1a
Q17QS4	PIP5KL1
Q56YP2	PIP5K1
Q5CZZ9	Pip5k1b
Q5I6B8	Pip5k1c
Q5T9C9	PIP5KL1
Q5ZJ58	PIP5K1B
Q6EX42	PIPK1
Q6U7H8	Pip5kl1
Q8L796	PIP5K2
Q8L850	PIP5K9
Q8RY89	PIP5K8
Q99755	PIP5K1A
Q9LMN1	PIP5K10
Q9M149	PIP5K11
Q9M1K2	PIP5K4
Q9SFB8	PIP5K6
Q9SLG9	PIP5K5
Q9SUI2	PIP5K7
O04865	PLD1
O04883	PLD1
O08684	PLD1
O14939	PLD2
O17405	F09G2.
O23078	PLDBETA2
O82549	PLD1
P36126	SPO14
P55939	PLD2
P58766	PLDALPHA3
P70496	Pld1
P70498	Pld2
P86387	PLD1
P93400	PLD1
P93733	PLDBETA1
P93844	PLD2
P97813	Pld2
Q09706	pld1
Q0V8L6	PLD2
Q13393	PLD1
Q1RK58	pld
Q38882	PLDALPHA1
Q41142	PLD1
Q43007	PLD1
Q43270	PLD1
Q4UJZ1	pld
Q54K50	pldY
Q54SA1	pldZ
Q54UK0	pldA
Q54WR4	pldB
Q54Z25	pldC
Q5BMR2	PLD
Q68VT0	pld
Q70EW5	PLD1
Q8KRU5	pld
Q92G53	pld
Q9C5Y0	PLDDELTA
Q9C888	PLDALPHA4
Q9LRZ5	PLDZETA1
Q9M9W8	PLPZETA2
Q9SSQ9	PLDALPHA2
Q9T051	PLDGAMMA2
Q9T052	PLDGAMMA3
Q9T053	PLDGAMMA1
Q9Z280	Pld1
Q9ZCD8	pld
A9CIM3	pcs
D0B707	pcs
D5KX81	pcsA
O51265	pcs
Q1MGQ9	pcs
Q5ZV56	pcsA
Q89LF9	pcs
Q98MN3	pcs
Q9HXE9	pcs
Q9KJY8	pcs
O35469	Hsd3b6
O46516	HSD3B
O57245	MVA157L
P00947	ksi
P07445	ksi
P12676	choA
P14060	HSD3B1
P14893	HSD3B
P21097	A44L
P22071	Hsd3b1
P22072	Hsd3b
P22637	choB
P24815	Hsd3b1
P26149	Hsd3b2
P26150	Hsd3b3
P26439	HSD3B2
P26670	VACWR170
P27365	HSD3B1
P77816	ksdI
P9WMV8	choD
P9WMV9	choD
P9WQP6	MT1137
P9WQP7	Rv1106c
Q5IFP1	HSD3B
Q60555	HSD3B1
Q62878	Hsd3b6
Q64421	HSD3B2
Q67477	FPV046
Q89187	A49L
Q9N119	HSD3B
Q9XWF0	hsd-
O57525	CYP17A1
O73853	cyp17a1
P05093	CYP17A1
P05185	CYP17A1
P11715	Cyp17a1
P12394	CYP17A1
P19100	CYP17A1
P27786	Cyp17a1
P30437	cyp17a1
P70085	cyp17a1
P70687	CYP17A1
Q29497	CYP17A1
Q2XVA1	CYP17A1
Q64410	CYP17A1
Q8HYM9	CYP17A1
Q8HYN0	CYP17A1
Q8HYN1	CYP17A1
Q91Z85	Cyp17a1
Q92113	CYP17A1
Q95328	CYP17A1
Q9GMC7	CYP17A1
Q9GMC8	CYP17A1
Q9N0U7	CYP17A1
A6ZW78	SPT14
B3LKQ3	SPT14
B5VSZ6	SPT14
O59802	gpi2
O64761	PIGC
O64792	At1g61280
P32363	SPT14
P37287	PIGA
P46961	GPI2
P53306	GPI1
P53961	GPI15
P87172	gpi3
Q04082	GPI19
Q54M40	pigC
Q64323	Piga
Q756D4	GPI19
Q94BX4	PIGA
Q9Y7L7	gpi15
O02691	HSD17B10
O08756	Hsd17b10
O14756	HSD17B6
O18404	scu
O54753	Hsd17b6
O70351	Hsd17b10
P17516	AKR1C4
P37059	HSD17B2
P42330	AKR1C3
P50171	Hsd17b8
P51658	Hsd17b2
Q3T001	HSD17B6
Q5R7C9	AKR1C3
Q5TJF5	HSD17B8
Q62730	Hsd17b2
Q6MGB5	Hsd17b8
Q92506	HSD17B8
Q95JH4	AKR1C4
Q95JH5	AKR1C4
Q99714	HSD17B10
Q9GME3	HSD17B8
Q9R092	Hsd17b6
Q9XT00	HSD17B8
A2YTP9	MGD2
O81770	MGD1
O82730	MGD2
P75302	MPN_483
Q0DWQ1	MGD3
Q69QJ7	MGD1
Q6UTZ2	MGD2
Q9FZL3	MGD
Q9FZL4	MGD
Q9SI93	MGD3
Q9SM44	MGD
Q9ZB73	MG335.
C9JRZ8	AKR1B15
O54939	Hsd17b3
P14061	HSD17B1
P37058	HSD17B3
P51656	Hsd17b1
P70385	Hsd17b3
Q04828	AKR1C1
Q09517	let-
Q5REQ0	AKR1C1
Q6QA32	hsd17b3
Q95JH6	AKR1C1
Q95JH7	AKR1C1
A1KKY1	cdh
A4WG79	cdh
A5U4X2	cdh
A7MQ68	cdh
A7ZUD2	cdh
A8A723	cdh
A8AL09	cdh
A9MI48	cdh
A9MZF0	cdh
B1IVG1	cdh
B1LNM1	cdh
B1XB84	cdh
B5BJI4	cdh
B5QWZ7	cdh
B5RFA7	cdh
B5XTD8	cdh
B5YZ56	cdh
B6I4R1	cdh
B7LA15	cdh
B7M6W9	cdh
B7MI50	cdh
B7N2Q9	cdh
B7NFL5	cdh
B7NU89	cdh
B7UNN8	cdh
B8ZRL0	cdh
C0Q416	cdh
C1AQK4	cdh
C5A085	cdh
P06282	cdh
P26219	cdh
P63752	cdh
P9WPG8	cdh
P9WPG9	cdh
Q31U72	cdh
Q3YV60	cdh
Q48248	cdh
Q5PIR4	cdh
Q83IU1	cdh
Q8FBC8	cdh
Q8X7A5	cdh
Q8Z2W6	cdh
Q8ZA34	cdh
Q9CC08	cdh
Q9Z6C1	cdh
Q9ZKX9	cdh
P15304	Lipe
P16386	LIPE
P54310	Lipe
Q05469	LIPE
Q68J42	LIPE
Q9R101	LIPE
P51652	Akr1c18
P80508	AKR1C5
Q8K023	Akr1c18
Q8L6H7	SFR2
Q93Y07	SFR2
A1A4K5	ENPP2
Q13822	ENPP2
Q64610	Enpp2
Q9R1E6	Enpp2
P19217	SULT1E1
P49887	SULT1E1
P49888	SULT1E1
P49889	Ste
P49890	Ste2
P49891	Sult1e1
P52844	Sult1e1
P52845	Ste2
A0JNC1	CDS2
D3ZKT0	Tamm41
O04928	CDS1
O04940	CDS1
O25004	cdsA
O31752	cdsA
O35052	Cds1
O49639	CDS2
O67292	cdsA
O74339	tam41
O84457	cdsA
O95674	CDS2
P0ABG1	cdsA
P0ABG2	cdsA
P0ABG3	cdsA
P0C102	cdsA
P38221	CDS1
P44937	cdsA
P53230	TAM41
P53439	cdgs-
P56079	Cds
P63759	cdsA
P73548	cdsA
P75160	cdsA
P98191	Cds1
P9WPF6	cdsA
P9WPF7	cdsA
Q1PE48	CDS3
Q1RII7	cdsA
Q2YRP9	cdsA
Q32L81	TAMM41
Q3B7H2	tamm41
Q3TUH1	Tamm41
Q49433	cdsA
Q49X46	cdsA
Q4L5W3	cdsA
Q4ULR7	cdsA
Q550P4	DDB_G0277049
Q55D90	cdsA
Q59640	cdsA
Q5HGH0	cdsA
Q5HPT0	cdsA
Q61X59	CBG04116
Q68WV5	cdsA
Q6DJM2	tamm41
Q6G9V2	cdsA
Q6GHH4	cdsA
Q7A121	cdsA
Q7A5Y4	cdsA
Q8CST9	cdsA
Q8G0E0	cdsA
Q8INF2	CG33331
Q8YHH2	cdsA
Q91XU8	Cds2
Q92903	CDS1
Q92I31	cdsA
Q94A03	CDS4
Q95ZE3	CDS1
Q96BW9	TAMM41
Q99L43	Cds2
Q99UL1	cdsA
Q9CBU1	cdsA
Q9M001	CDS5
Q9N4G7	Y71F9B.
Q9P381	SPBC13A2.
Q9PJU1	cdsA
Q9X1B7	cdsA
Q9Z7Y6	cdsA
Q9ZDA8	cdsA
Q9ZML7	cdsA
O88178	B3galt4
O96024	B3GALT4
Q24157	brn
Q5TJE8	B3GALT4
Q9Z0F0	B3galt4
B0BNF0	Tmem86b
F1RMN2	TMEM86B
Q3T0W0	TMEM86B
Q497J1	Tmem86b
Q8N661	TMEM86B
F4HXY7	PSS1
O94584	pps1
P08456	CHO1
P23830	pssA
P39823	pssA
P44704	pssA
P59949	pssA
P9WPG0	pssA
P9WPG1	pssA
Q0JR55	PSS1
Q48269	pssA
Q58609	pssA
Q5N8Q3	PSS3
Q6I628	PSS2
Q95ZE2	PSS
Q9ZBM2	pssA
Q9ZM68	pssA
P34024	plcA
P45723	plc
Q2G1Q2	plc
O15327	INPP4B
Q4R4D7	INPP4B
Q5RA60	INPP4B
Q62784	Inpp4a
Q6P1Y8	Inpp4b
Q96PE3	INPP4A
Q9EPW0	Inpp4a
Q9QWG5	Inpp4b
A0R9F0	ugtP
A5IRJ3	ugtP
A6QFM7	ugtP
A6U0C2	ugtP
A7GKY0	ugtP
A7X0P5	ugtP
A8FED1	ugtP
A8Z0C1	ugtP
A9VSQ8	ugtP
B7H9Q4	ugtP
B7HU46	ugtP
B7IW03	ugtP
B7JNE4	ugtP
B9DQ98	ugtP
B9J2U2	ugtP
C1EWE6	ugtP
C3LHC1	ugtP
C3PCX2	ugtP
P54166	ugtP
P74165	sll1377
Q2FI60	ugtP
Q2FZP7	ugtP
Q2YWW6	ugtP
Q3MB01	Ava_2217
Q49WE6	ugtP
Q4L524	ugtP
Q5HH69	ugtP
Q5HQE7	ugtP
Q63GD0	ugtP
Q65IA4	ugtP
Q6GAR0	ugtP
Q6GI67	ugtP
Q6HNU4	ugtP
Q73DZ5	ugtP
Q7A6D2	ugtP
Q81IA1	ugtP
Q81YW9	ugtP
Q8CPR3	ugtP
Q8NXC3	ugtP
Q8YMK0	all4933
Q99V75	ugtP
O95237	LRAT
Q9BGL2	LRAT
Q9JI60	Lrat
Q9JI61	Lrat
O70536	Soat1
O75908	SOAT2
O77759	SOAT2
O77760	SOAT1
O77761	SOAT1
O88908	Soat2
P35610	SOAT1
Q60457	SOAT1
Q61263	Soat1
Q7TQM4	Soat2
A0JNU3	Aspg
D4AZY1	ARB_01751
O35263	Pafah1b3
O35264	Pafah1b2
O88202	Aspg
P04180	LCAT
P16301	Lcat
P18424	Lcat
P30930	LCAT
P53761	LCAT
P68401	PAFAH1B2P68402
P68402	PAFAH1B2
P70683	PLA2G7
Q13093	PLA2G7
Q15102	PAFAH1B3
Q22943	paf-
Q28017	PLA2G7
Q28262	PLA2G7
Q29460	PAFAH1B3
Q5R4G2	PAFAH1B2
Q5R6X1	PAFAH1B3
Q5ZMS2	PAFAH1B2
Q60963	Pla2g7
Q61205	Pafah1b3
Q61206	Pafah1b2
Q86U10	ASPG
Q90678	PLA2G7
Q9URV1	plg7
C0LT23	CERK
Q6USK2	CERK
Q8K4Q7	Cerk
Q8TCT0	CERK
Q9TZI1	cerk-
O70167	Pik3c2g
O70173	Pik3c2g
O75747	PIK3C2G
O88829	St3gal5
Q68G12	St3gal5
Q6KB55	ST3GAL5
Q70D51	ST3GAL5
Q9UNP4	ST3GAL5
P25340	ERG4
P36209	sts1
G4SW86	erg
O08984	Lbr
O13597	ERG3
O76062	TM7SF2
P23913	LBR
P32462	ERG24
P38670	erg-
P78575	ERG3
Q09195	erg24
Q14739	LBR
Q3U9G9	Lbr
Q54PP1	erg24
Q5R7H4	LBR
Q71KT5	Tm7sf2
Q8WMV1	TM7SF2
Q9LDR4	FK
Q8KQL6	dgs
P0AET8	hdhA
P0AET9	hdhA
Q5LA59	hdhA
A3KGT9	agpat9l
A8J0J0	CHLREDRAFT_174358
D3ZI76	Gpat2
O15120	AGPAT2
O22975	At4g24160
O25903	plsC
O35083	Agpat1
P0A257	plsC
P0A258	plsC
P26647	plsC
P44848	plsC
P75479	plsC
Q06508	LOA1
Q0J0A4	Os09g0520200
Q11087	acl-
Q12385	ICT1
Q14DK4	Gpat2
Q22267	acl-
Q3UN02	Lclat1
Q41745	PLS1
Q42870	PLSC
Q49402	plsC
Q4R581	AGPAT4
Q4V8J4	Gpat3
Q53EU6	GPAT3
Q59188	plsC
Q59601	plsC
Q5E9R2	AGPAT4
Q5EE05	ABHD5
Q5F3X0	LCLAT1
Q5R757	AGPAT4
Q5RA57	AGPAT3
Q5RBI4	ABHD5
Q5ZLL8	GPAT3
Q68F37	gpat3
Q6DG38	gpat3
Q6IWY1	LPAT2
Q6NUI2	GPAT2
Q6NYV8	lclat1
Q6QA69	Abhd5
Q6UWP7	LCLAT1
Q8C0N2	Gpat3
Q8GXU8	LPAT1
Q8K3K7	Agpat2
Q8K4X7	Agpat4
Q8L4Y2	LPAT4
Q8LG50	LPAT2
Q8WTS1	ABHD5
Q91WW7	Pnpla3
Q924S1	Agpat4
Q93841	acl-
Q95JH0	AGPAT1
Q95JH2	AGPAT1
Q99943	AGPAT1
Q9D1E8	Agpat5
Q9D517	Agpat3
Q9DBL9	Abhd5
Q9JU41	plsC
Q9JZ47	plsC
Q9LHN4	LPAT5
Q9LLY4	BAT2
Q9NRZ5	AGPAT4
Q9NRZ7	AGPAT3
Q9NST1	PNPLA3
Q9NUQ2	AGPAT5
Q9SYC8	LPAT3
Q9US27	vps66
Q9XFW4	LPAT2
Q9ZJN8	plsC
P08842	STS
P15589	Sts
P50427	Sts
A4IID4	pi4kb
A9X1A0	PI4KB
B0KWC1	PI4KB
B1MTG7	PI4KB
B2KI64	PI4KB
B3EX61	PI4KB
B4UT09	PI4KB
E9Q3L2	Pi4ka
O02810	PI4KB
O02811	PI4KA
O08561	Pi4kb
O08662	Pi4ka
O22199	PI4KG1
P32600	TOR2
P37297	STT4
P39104	PIK1
P42356	PI4KA
P42951	LSB6
P54677	pikD
Q08B31	pi4k2a
Q0WMZ6	PI4KG8
Q0WPX9	PI4KB2
Q10366	pik1
Q28G26	pi4k2b
Q2TBE6	Pi4k2a
Q49GP3	pi4kb
Q49GP5	pi4k2b
Q505I0	pi4k2a
Q5XIL2	Pi4k2b
Q5ZIK0	PI4K2B
Q6DCQ8	pi4k2b
Q6GN16	pi4kb
Q6K881	PI4KG4
Q6PE18	pi4k2a
Q8BKC8	Pi4kb
Q8CBQ5	Pi4k2b
Q8SQY7	STT4
Q8TCG2	PI4K2B
Q8W4R8	PI4KG6
Q99M64	Pi4k2a
Q9BTU6	PI4K2A
Q9C671	PI4KG5
Q9C680	PI4KA2
Q9FMJ0	PI4KB1
Q9FNF8	PI4KG3
Q9SGW8	PI4KG2
Q9SI52	PI4KG7
Q9SXA1	PI4KA1
Q9UBF8	PI4KB
Q9USR3	stt4
Q9UT42	lsb6
Q9UW20	PIKALPHA
Q9UW24	PIKA
Q9ZPY9	PI4KG4
A4ECA9	COLAER_02088
A7B4V1	RUMGNA_02585
G9FRD6	hdhb
P52895	AKR1C2
Q6AYQ2	Akr1c21
Q91WR5	Akr1c21
A6QNK1	GAL3ST1
Q99999	GAL3ST1
Q9JHE4	Gal3st1
A0A0P6JG37	ASAH1
A0A383ZFX3	ASAH1
A5A6P2	ASAH1
F4HQM3	NCER1
F4KHQ8	NCER3
G1T7U7	NAAA
H0VCJ6	NAAA
O06769	Rv0669c
O45145	W02F12.
O45686	asah-
Q02083	NAAA
Q09551	asah-
Q0JL46	Os01g0624000
Q13510	ASAH1
Q17QB3	ASAH1
Q29C43	CDase
Q304B9	NCER2
Q54BK2	dcd2A
Q55G11	dcd2B
Q568I2	acer1
Q5KTC7	Naaa
Q5QJU3	ACER2
Q5W7F1	asah2
Q60HH4	ASAH1
Q60WT2	CBG18997
Q6P7S1	Asah1
Q8R4X1	Acer1
Q8TDN7	ACER1
Q8VD53	Acer2
Q91XT9	Asah2
Q9D099	Acer3
Q9D7V9	Naaa
Q9I596	PA0845
Q9JHE3	Asah2
Q9NR71	ASAH2
Q9NUN7	ACER3
Q9VA70	CDase
Q9VIP7	bwa
Q9WV54	Asah1
B8NQ51	AFLA_004420
C0NUU1	HCBG_06705
C0S3M9	PABG_02293
C4JUE5	UREG_04748
D4AZV8	ARB_01728
F2SCC4	TERG_01406
J3K844	CIMG_06182
P20626	pld
Q59121	pld
Q59332	pld
O95992	CH25H
Q4G1G8	CH25H
Q4QQV7	Ch25h
Q5PRC0	ch25h
Q9Z0F5	Ch25h
P06280	GLA
P51569	Gla
L7IP31	ERG6
O74198	ERG6
P0CT10	ERG6
P25087	ERG6
Q54I98	smt1
Q6BRB7	ERG6
Q6C2D9	ERG6
Q6CYB3	ERG6
Q6FRZ7	ERG6
Q6ZIX2	Smt1-
Q759S7	ERG6
Q875K1	ERG6
Q9LM02	SMT1
O35502	LCAT
O35573	LCAT
O35724	LCAT
O35840	LCAT
P53760	LCAT
Q08758	LCAT
P07250	ARG82
P42338	PIK3CB
Q7TT16	Ipmk
Q8BTI9	Pik3cb
Q8NFU5	IPMK
Q99NI4	Ipmk
Q9Z1L0	Pik3cb
P15289	ARSA
P50428	Arsa
Q08DD1	ARSA
P9WNW6	hsaC
P9WNW7	hsaC
Q9KWQ5	hsaC
O46491	CYP7A1
P18125	Cyp7a1
P22680	CYP7A1
P46634	CYP7A1
P51542	CYP7A1
Q64505	Cyp7a1
A0A3S5YBC7	REQ_38260
F4JZN6	TSC10B
P0CR36	TSC10
P0CR37	TSC10
P38342	TSC10
Q06136	KDSR
Q0WRJ2	TSC10A
Q2KIJ5	KDSR
Q556J2	ksrA-
Q556J2	ksrA-
Q59RQ2	KSR1
Q5BE65	tsc10
Q6BQK1	TSC10
Q6CE86	TSC10
Q6CLN0	TSC10
Q6FQ42	TSC10
Q6GV12	Kdsr
Q758B6	TSC10
Q7RZR2	gsl-
Q9WVK8	Cyp46a1
Q9Y6A2	CYP46A1
A1CFB3	atg26
A1CYS1	atg26
A2QNQ5	atg26
A7A179	ATG26
A7ERM5	atg26
A7KAK6	ATG26
A7KAN4	atg26
A7TF84	ATG26
C4B4E5	ATG26
I1S8Q3	ATG26
P0CN90	ATG26
P0CN91	ATG26
Q06321	ATG26
Q0CKU4	atg26
Q0UY53	ATG26
Q2U0C3	atg26
Q4WID6	atg26
Q54IL5	ugt52
Q5A950	ATG26
Q5B4C9	atg26
Q6BN88	ATG26
Q6C8M8	ATG26
Q6CUV2	ATG26
Q751Z4	ATG26
Q7S1I0	apg-
Q8NJS1	ATG26
Q9M8Z7	UGT80A2
Q9XIG1	UGT80B1
Q9Y751	ATG26
A0FI79	INPP5E
D3ZGS3	Ocrl
G5ECL2	unc-
O15056	SYNJ2
O18964	SYNJ1
O43001	syj1
O43426	SYNJ1
O55207	Synj2
P32019	INPP5B
P40559	INP51
P50942	INP52
P97573	Inpp5d
Q01968	OCRL
Q08227	INP54
Q0WQ41	IP5P7
Q12271	INP53
Q5EAF2	IP5P11
Q62910	Synj1
Q6NVF0	Ocrl
Q6P4S2	inpp5d
Q84W55	IP5P15
Q8C5L6	Inpp5k
Q8CHC4	Synj1
Q8H0Z6	IP5P3
Q8K337	Inpp5b
Q92835	INPP5D
Q9BT40	INPP5K
Q9D2G5	Synj2
Q9ES52	Inpp5d
Q9JII1	Inpp5e
Q9LR47	IP5P6
Q9NRR6	INPP5E
Q9SIS4	IP5P9
Q9SKB7	IP5P14
Q9USQ6	syj2
Q9VTW2	INPP5E
Q9WVR1	Inpp5e
Q9M643	CPI1
A5PLL7	PEDS1
A6QLM0	PEDS1
Q99LQ7	PEDS1
Q9AE87	carF
O88455	Dhcr7
Q5E9J5	DHCR7
Q5UQI4	DHCR7
Q6P4M0	dhcr7
Q7SXF1	dhcr7
Q7ZXH1	dhcr7
Q9LDU6	DWF5
Q9UBM7	DHCR7
Q9Z2Z8	Dhcr7
O75881	CYP7B1
Q60991	Cyp7b1
Q63688	Cyp7b1
O57314	HSD17B12
O70503	Hsd17b12
P51657	Hsd17b1
Q1WNP0	HSD17B1
Q28IU1	hsd17b12
Q3U0B3	Dhrs11
Q3ZBV9	DHRS11
Q4JK73	HSD17B11
Q4R5G7	HSD17B12
Q53GQ0	HSD17B12
Q5E9H7	HSD17B12
Q5NVG2	HSD17B11
Q5XG41	hsd17b12-a
Q6AYS8	Hsd17b11
Q6P3L6	hsd17b12a
Q6P7R8	Hsd17b12
Q6QA33	hsd17b12b
Q6UWP2	DHRS11
Q71R50	DHRS11
Q8AVY8	hsd17b12-b
Q8NBQ5	HSD17B11
Q9BPX1	HSD17B14
Q9EQ06	Hsd17b11
Q9MYP6	HSD17B14
O88736	Hsd17b7
P56937	HSD17B7
Q62904	Hsd17b7
P40566	EGH1
P37661	eptB
P43666	eptB
Q07973	CYP24A1
Q09128	Cyp24a1
Q64441	Cyp24a1
G5EE01	daf-
O08586	Pten
O94526	ptn1
P53916	TEP1
P60483	PTEN
P60484	PTEN
Q4R6N0	TPTE2
Q54JL7	cnrN
Q6XPS3	TPTE2
Q8H106	PTEN2B
Q8T9S7	pteN
Q9FLZ5	PTEN1
Q9LT75	PTEN2A
Q9PUT6	pten
D7PF45	INPPL1
O15357	INPPL1
Q2I6J0	inppl1b
Q2I6J1	inppl1a
Q6P549	Inppl1
Q9WVR3	Inppl1
Q07566	ipgD
Q32PR0	tmem55ba
Q3SZ48	PIP4P2
Q3TWL2	Pip4p1
Q4R6W2	PIP4P1
Q4V888	Pip4p2
Q55286	ipgD
Q5EAU3	pip4p2
Q5PPM8	Pip4p1
Q5XKA6	pip4p1
Q66I51	tmem55bb
Q6DIE4	pip4p2
Q86T03	PIP4P1
Q8N4L2	PIP4P2
Q9CZX7	Pip4p2
P87170	ptp4
Q12382	DGK1
Q753I3	DGK1
B4F753	abhd12
O00519	FAAH
O00748	CES2
O08914	Faah
O35678	Mgll
O46421	CES1
O95870	ABHD16A
P04068	EPHX1
P07099	EPHX1
P07687	Ephx1
P08910	ABHD2
P14943	CES2
P23141	CES1
P79381	EPHX1
P97612	Faah
Q05AK6	abhd2b
Q08C93	abhd12
Q08DW9	ABHD12
Q1JPD2	ABHD16A
Q1LZ86	ABHD6
Q3TRM4	Pnpla6
Q4R2Y9	ABHD2
Q4R766	ABHD12
Q4R8P0	ABHD16A
Q5EA42	ABHD2
Q5R6S0	ABHD16A
Q5RDS0	PNPLA6
Q5XI64	Abhd6
Q5ZIN0	ABHD12
Q6AYT7	Abhd12
Q6GLL2	abhd6-a
Q6MG55	Abhd16a
Q7SY73	abhd6-b
Q802V6	abhd2a
Q8IY17	PNPLA6
Q8N2K0	ABHD12
Q8R2Y0	Abhd6
Q8R431	Mgll
Q8VCC2	Ces1
Q99685	MGLL
Q99LR1	Abhd12
Q9BV23	ABHD6
Q9D379	Ephx1
Q9QXM0	Abhd2
Q9TUI8	FAAH
Q9U217	faah-
Q9Z1Q2	Abhd16a
Q06069	cyp106A2
O08564	Plpp1
O14494	PLPP1
O14495	PLPP3
O43688	PLPP2
O88956	PLPP1
P0A924	pgpB
P0A925	pgpB
P0A926	pgpB
P32567	PAH1
P44570	pgpB
P53933	APP1
P60588	PLPP1
P97544	Plpp3
Q04396	LPP1
Q05521	DPP1
Q0VBU9	Plpp4
Q14693	LPIN1
Q29RT8	PLPPR2
Q2HJ61	PLPP2
Q3SZE3	PLPP3
Q3UMZ3	Plpp5
Q5VZY2	PLPP4
Q61469	Plpp1
Q6GQ62	plpp5
Q6T4P5	PLPPR3
Q6W5G4	Plppr2
Q7TMB0	Plppr3
Q7TNN8	Lpin3
Q7TPB0	Plppr3
Q8K593	Plpp2
Q8NEB5	PLPP5
Q8VCY8	Plppr2
Q91ZP3	Lpin1
Q92539	LPIN2
Q96GM1	PLPPR2
Q99JY8	Plpp3
Q99PI4	Lpin3
Q99PI5	Lpin2
Q9BQK8	LPIN3
Q9DAX2	Plpp2
Q9FMN2	PAH2
Q9SF47	PAH1
Q9UUA6	dpp1
Q9V576	wun
P9WJA0	hsaA
P9WJA1	hsaA
Q0S811	hsaA
P9WPP1	cyp125
A0R4R3	kshA
A0R525	kshB
B6V6V5	kshA
B6V6V6	kshB
F1CMX0	kshA
F1CMX8	kshA
F1CMY8	kshA
P71875	kshA
P9WJ92	hmp
P9WJ93	hmp
C8VRV0	choC
O74827	cho1
Q7S5W9	chol-
Q9SAH5	PLMT
Q04958	NTE1
O14169	SPAC4D7.02c
Q08959	PGC1
O01916	crls-
P63754	pgsA2
P9WPG4	pgsA-
P9WPG5	pgsA2
Q07560	CRD1
Q5U2V5	Crls1
Q80ZM8	Crls1
Q8H8U0	Os03g0283600
Q8MZC4	CLS
Q93YW7	CLS
Q9UJA2	CRLS1
O82567	AAPT1
O82568	AAPT2
P17898	CPT1
P22140	EPT1
Q1LZE6	CHPT1
Q28H54	cept1
Q4KLV1	chpt1
Q5ZHQ5	CHPT1
Q5ZKD1	CEPT1
Q66H21	Chpt1
Q6AXM5	Cept1
Q7ZW02	chpt1
Q7ZYQ3	cept1
Q8BGS7	Cept1
Q8C025	Chpt1
Q8WUD6	CHPT1
Q9Y6K0	CEPT1
Q17QM4	SELENOI
Q5NV96	SELENOI
Q80TA1	Selenoi
Q9C0D9	SELENOI
P42837	FIG4
Q7XZU1	SAC4
Q7XZU2	SAC3
Q7Z9H9	SPAC1093.
Q8RW97	SAC5
Q94A27	SAC2
Q08448	LPL1
P39105	PLB1
Q7TMB7	Plppr4
Q7TME0	Plppr4
Q7Z2D5	PLPPR4
Q9SRQ6	NPC3
Q02883	FMP30
Q58CN9	NAPEPLD
Q5RCU3	NAPEPLD
Q6IQ20	NAPEPLD
Q769K2	Napepld
Q8BH82	Napepld
Q965X7	nape-
Q965X9	nape-
A2AP18	Plch2
A3KGF7	Plcb2
A5D6R3	plcd3a
G5EBH0	egl-
G5EFI8	plc-
O13433	PLC1
O75038	PLCH2
O89040	Plcb2
P08487	PLCG1
P10686	Plcg1
P10687	Plcb1
P10688	Plcd1
P10894	PLCB1
P10895	PLCD1
P13217	norpA
P16885	PLCG2
P19174	PLCG1
P21671	PLCD4
P24135	Plcg2
P25455	Plc21C
P32383	PLC1
P40977	plc1
P51178	PLCD1
P51432	Plcb3
Q00722	PLCB2
Q01970	PLCB3
Q02158	plc
Q07722	PLCB4
Q15147	PLCB4
Q1RML2	PLCZ1
Q22070	plc-
Q2VRL0	PLCZ1
Q32NH8	plcd4
Q39032	PLC1
Q39033	PLC2
Q3KTM2	GDPD5
Q4KWH5	Plch1
Q4KWH8	PLCH1
Q4R6L3	PLCD4
Q56W08	PLC3
Q5FX52	Plcz1
Q5RET0	PLCD4
Q62077	Plcg1
Q62711	Plcd4
Q640M6	Gdpd5
Q6NMA7	PLC9
Q7YRU3	PLCZ
Q86YW0	PLCZ1
Q8CIH5	Plcg2
Q8GV43	PLC6
Q8K2J0	Plcd3
Q8K3R3	Plcd4
Q8K4D7	Plcz1
Q8K4S1	Plce1
Q8N3E9	PLCD3
Q8R3B1	Plcd1
Q8SPR7	PLCD4
Q8WTR4	GDPD5
Q944C1	PLC4
Q944C2	PLC5
Q95JS1	PLCZ1
Q99JE6	Plcb3
Q99P84	Plce1
Q9BRC7	PLCD4
Q9LY51	PLC7
Q9NQ66	PLCB1
Q9P212	PLCE1
Q9QW07	Plcb4
Q9STZ3	PLC8
Q9Z1B3	Plcb1
A8WXS4	mboa-
Q0VCY6	MBOAT7
Q5U4T9	mboat7
Q7SZQ0	mboat7
Q8CHK3	Mboat7
Q96N66	MBOAT7
F1S5L4	GPAM
P97564	Gpam
Q5GJ77	GPAM
Q61586	Gpam
Q9HCL2	GPAM
Q15738	NSDHL
Q3ZBE9	NSDHL
Q5PPL3	Nsdhl
Q9R1J0	Nsdhl
P25628	ARE1
P53629	ARE2
Q02896	YDC1
P38298	YPC1
Q6NQI8	LOH3
Q9LDF2	LOH1
Q03529	SCS7
D4A2H2	Sptlc1
O15269	SPTLC1
O15270	SPTLC2
O35704	Sptlc1
O54694	SPTLC2
O54695	SPTLC1
P97363	Sptlc2
Q3B7D2	Sptlc2
Q3MHG1	SPTLC1
Q5R9T5	SPTLC1
Q60HD1	SPTLC1
Q8BG54	Sptlc3
Q9NUV7	SPTLC3
A0A2K3DU55	PGPP1
O34349	pgpB
P0AD42	pgpC
P0AD43	pgpC
P0C089	Ptpmt1
P18200	pgpA
P38812	GEP4
P44157	pgpA
Q66GT5	Ptpmt1
Q6NKR2	PTPMT2
Q86BN8	PTPMT1
Q8WUK0	PTPMT1
Q9LXR9	PGPP1
Q9Y7U3	gep4
Q9ZQP1	PTPMT1
Q15392	DHCR24
Q5BQE6	Dhcr24
Q60HC5	DHCR24
Q8VCH6	Dhcr24
O46515	CYP11A1
P00189	CYP11A1
P05108	CYP11A1
P10612	CYP11A1
P14137	Cyp11a1
P79153	CYP11A1
P79202	CYP11A1
Q28827	CYP11A1
Q2XV99	CYP11A1
Q9EPT4	CYP11A1
Q9QZ82	Cyp11a1
Q20735	sms-
Q9U3D4	sms-
P17177	CYP27A1
P17178	Cyp27a1
Q02318	CYP27A1
Q9DBG1	Cyp27a1
Q10916	asm-
Q23498	asm-
A9X4U2	3BETAHSD/D3
O43050	erg26
P53199	ERG26
Q54L85	nsdhl
Q67ZE1	3BETAHSD/D2
Q9FX01	3BETAHSD/D1
P23457	Akr1c9
P80702	hsdA
O35296	HSD3B3
O74732	erg27
P27364	Hsd3b5
Q12452	ERG27
Q61694	Hsd3b5
Q61767	Hsd3b4
Q6BNP0	ERG27
Q6CE88	ERG27
Q6CJC2	ERG27
Q6FIV3	ERG27
Q74ZZ0	ERG27
Q874K0	ERG27
Q20800	bus-
Q9TYP1	strm-
Q07217	cyp11a1
Q92045	CYP11A1
O09005	Degs1
O15121	DEGS1
Q3ZBY7	DEGS1
Q5F3C1	DEGS1
Q5RE51	DEGS1
Q5XIF5	Degs1
Q68FB8	degs1
Q6UQ04	DEGS1
B0BND0	Enpp6
F1N5C8	ENPP6
Q58D68	ENPP6
Q5BKW7	enpp6
Q5RB45	ENPP6
Q6DDP3	enpp6
Q6UWR7	ENPP6
Q8BGN3	Enpp6
A0JPQ8	Agmo
O17554	agmo-
Q5M8F9	agmo
Q6NYE4	agmo
Q6ZNB7	AGMO
Q8BS35	Agmo
Q3ZBF8	CERS2
Q924Z4	Cers2
Q96G23	CERS2
Q42707	F26G
Q28C88	mogat1
Q2KHS5	mogat2-a
Q3KPP4	mogat1
Q3SYC2	MOGAT2
Q5M7F4	mogat2-b
Q5M8H5	mogat2
Q6E1M8	Awat2
Q6E213	AWAT2
Q6ZPD8	DGAT2L6
Q70VZ7	MOGAT1
Q80W94	Mogat2
Q91ZV4	Mogat1
Q96PD6	MOGAT1
O42145	cyp19a1a
O46512	CYP19A1
O73686	cyp19a2
P11511	CYP19A1
P19098	CYP19A1
P22443	Cyp19a1
P28649	Cyp19a1
P46194	CYP19A1
P70091	cyp19a1
P79304	CYP19A3
P79430	CYP19A2
P79690	cyp19a1
P79699	CYP19A1
Q29605	CYP19A1
Q29624	CYP19A1
Q5QQX7	CYP19A1
Q69FB6	CYP19A1
Q6QHT9	cyp19a1
Q6YI21	CYP19A1
Q92087	cyp19a1
Q92111	cyp19a1
Q92112	CYP19A1
Q95M61	CYP19A1
Q9XS28	CYP19A1
B2GV54	Nceh1
Q1JQE6	NCEH1
Q5R8Y5	NCEH1
Q6PIU2	NCEH1
Q8BLF1	Nceh1
P0C548	Pnpla2
Q2KI18	PNPLA2
Q8BJ56	Pnpla2
Q96AD5	PNPLA2
G5EEM9	ipla-
O46559	LIPC
P06858	LPL
P07867	Lipc
P11150	LIPC
P11151	LPL
P11152	Lpl
P11153	LPL
P11602	LPL
P27656	Lipc
P49060	LPL
P49923	LPL
P55031	LPL
Q06000	Lpl
Q29524	LPL
Q3SZ79	LIPC
Q675A5	Pla2g15
Q6XPZ3	PLA2G15
Q8NCC3	PLA2G15
Q8VEB4	Pla2g15
Q8WMP9	PLA2G15
Q38786	P60A
Q9ZP27	P60B
A0A0G2K1Q8	Abca3
E9PU17	Abca17
E9PX95	Abca17
O94911	ABCA8
O95477	ABCA1
P41233	Abca1
P45844	ABCG1
P58428	Abcg8
Q5SSE9	Abca13
Q64343	Abcg1
Q86UQ4	ABCA13
Q8CF82	Abca5
Q8K440	Abca8b
Q8K442	Abca8a
Q8K448	Abca5
Q8R420	Abca3
Q8WWZ7	ABCA5
Q99758	ABCA3
Q99PE7	Abcg5
Q99PE8	Abcg5
Q9DBM0	Abcg8
Q9H221	ABCG8
Q9H222	ABCG5
Q0VGK4	Gdpd1
Q8N9F7	GDPD1
Q9CRY7	Gdpd1
A5PK46	PNLIPRP2
D7EZN2	PNLIPRP2
P17892	Pnliprp2
P54317	PNLIPRP2
P54318	Pnliprp2
P81139	PNLIPRP2
Q64424	PNLIPRP2
A4IFJ5	PLA2G4A
O77793	PLA2G4A
P47712	PLA2G4A
P47713	Pla2g4a
P50393	Pla2g4a
Q5R8A5	PLA2G4A
Q9TT38	PLA2G4A
A0A3L7I2I8	PLA2G6
O60733	PLA2G6
P39877	PLA2G5
P51433	Pla2g5
P97391	Pla2g5
P97570	Pla2g6
P97819	Pla2g6
I6Y2J4	lipY
O53423	Rv1075c
O88354	PNLIP
P00591	PNLIP
P16233	PNLIP
P27657	Pnlip
P29183	PNLIP
P50903	PNLIP
P54857	TGL2
P83629	PNLIP
P95125	lipN
P9WK87	nlhH
Q02157	PNLIP
Q64425	PNLIP
Q6P8U6	Pnlip
Q71DJ5	LIP1
Q8VBX1	Lipg
Q9WVG5	Lipg
Q9Y5X9	LIPG
Q0VC00	ABHD3
Q8WU67	ABHD3
Q91ZH7	Abhd3
P97535	Pla1a
Q53H76	PLA1A
Q5E9H0	PLA1A
Q5RBQ5	PLA1A
Q6NYZ4	pla1a
Q8VI78	Pla1a
O70582	Alox12b
O75342	ALOX12B
Q2KMM4	Alox12b
A2AJ88	Pnpla7
Q5BK26	Pnpla7
Q6ZV29	PNPLA7
D3ZKX9	Aloxe3
Q9BYJ1	ALOXE3
Q9WV07	Aloxe3
D3ZRC4	Pnpla8
P0C869	PLA2G4B
P53816	PLAAT3
P53817	Plaat3
Q5R611	PLAAT3
Q5XTS1	PNPLA8
Q64GA5	Pla2g4c
Q8K1N1	Pnpla8
Q8R3U1	Plaat3
Q9NP80	PNPLA8
Q9NWW9	PLAAT2
Q9UL19	PLAAT4
Q9UP65	PLA2G4C
O70320	PLB1
O53581	cut6
O00116	AGPS
P97275	AGPS
Q8C0I1	Agps
Q9EQR2	Agps
B2GV22	Ptdss2
E1BYA3	PTDSS1
E7EY42	ptdss2
O08888	PTDSS2
Q08D11	ptdss2
Q9BVG9	PTDSS2
Q9Z1X2	Ptdss2
F4HXL0	PLIP2
O54728	Plb1
Q05017	PLB1
Q06HQ7	PLB1
Q3TTY0	Plb1
Q6P1J6	PLB1
P00592	PLA2G1B
P00593	PLA2G1B
P00594	PLA2G1B
P04054	PLA2G1B
P04055	Pla2g1b
P06596	PLA2G1B
P14419	PLA2G1B
P14422	PLA2G2A
P14423	Pla2g2a
P14555	PLA2G2A
P31482	Pla2g2a
P43434	PLA2G1B
P47711	PLA2G2A
Q56JZ2	PLA2G2A
Q7M334	PLA2G1B
Q9BZM2	PLA2G2F
Q9QZT4	Pla2g2f
Q9UNK4	PLA2G2D
Q9WVF6	Pla2g2d
Q9Z0Y2	Pla2g1b
O94830	DDHD2
Q32PY2	Liph
Q5XGE9	liph
Q641F6	liph-b
Q6DBU8	liph
Q6PA23	liph-a
Q6XZB0	LIPI
Q80Y98	Ddhd2
Q8CIV3	Liph
Q8WWY8	LIPH
Q9BDJ4	LIPH
Q948R1	DAD1
Q50L41	Pla2g4f
Q68DD2	PLA2G4F
Q9NZK7	PLA2G2E
Q9QUL3	Pla2g2e
D2KX21	Plaat1
Q9HDD0	PLAAT1
Q9QZU4	Plaat1
O75608	LYPLA1
O77821	LYPLA1
P70470	Lypla1
P97823	Lypla1
Q3MHR0	LYPLA1
Q5RBR7	LYPLA1
O15496	PLA2G10
P0C871	Pla2g4b
Q9QXX3	Pla2g10
Q9QZT3	Pla2g10
O15466	ST8SIA5
P61642	ST8SIA1
P70126	St8sia5
Q64687	St8sia1
Q6DNG6	st8sia1
Q6ZXA0	st8sia1
Q6ZXC8	St8sia5
Q6ZXD2	ST8SIA1
Q92185	ST8SIA1
P61647	ST8SIA6
P61648	ST8SIA6
Q8K4T1	St8sia6
Q08E15	ST6GALNAC6
Q969X2	ST6GALNAC6
Q9JM95	St6galnac6
Q58NB6	Dhrs9
Q8HYR6	DHRS9
Q8VD48	Dhrs9
Q9BPW9	DHRS9
A0A4Z3	A3galt2
Q3V1N9	A3galt2
U3KPV4	A3GALT2
D5AQD5	olsA
O07584	plsC
Q8DNY1	plsC
Q12043	TGL5
Q4JM44	Sgms2
Q4R763	SGMS2
Q8NHU3	SGMS2
Q9D4B1	Sgms2
P40939	HADHA
Q29554	HADHA
Q64428	Hadha
Q8BMS1	Hadha
Q9V6G5	Taz
P9WPL5	cyp142
P9WPP3	cyp124
O07427	Rv0183
P38226	CST26
O95372	LYPLA2
Q03674	PLB2
Q9QYL8	Lypla2
Q9WTL7	Lypla2
F7J184	nvd
F7J186	nvd-Ci-
F7J187	nvd-Ci-
F7J188	nvd-Hp
Q17938	daf-
Q1JUZ1	nvd
Q1JUZ2	nvd-Bm
Q6DHJ3	nvd
B1H3H9	ptdss1
P48651	PTDSS1
Q00576	PTDSS1
Q2KHY9	PTDSS1
Q5PQL5	Ptdss1
Q5ZM65	PTDSS1
Q803C9	ptdss1
Q99LH2	Ptdss1
O46606	DDHD1
Q80YA3	Ddhd1
Q8NEL9	DDHD1
Q71RH2	TLCD3B
Q7TNV1	Tlcd3b
O02768	PTGS2
O19183	PTGS2
O62698	PTGS2
O62725	PTGS2
P35354	PTGS2
P35355	Ptgs2
P70682	PTGS2
P79208	PTGS2
Q05769	Ptgs2
O35049	Smpd3
O60906	SMPD2
O70572	Smpd2
Q9ET64	Smpd2
Q9JJY3	Smpd3
Q9NY59	SMPD3
P17405	SMPD1
Q04519	Smpd1
Q0VD19	SMPD1
Q5EA59	ABHD4
Q8TB40	ABHD4
Q8VD66	Abhd4
D6MZJ6	Smpd5
F1QG30	smpd5
P9WGT1	fabG3
P15150	CYP11B1
P15393	Cyp11b1
P15538	CYP11B1
P51663	CYP11B1
P97720	CYP11B1
Q29527	CYP11B1
Q29552	CYP11B1
Q64408	CYP11B1
P08684	CYP3A4
Q3EBF7	SLD2
Q43469	sld1
Q9FR82	sld1
Q9ZRP7	SLD1
C4QVU3	PAS_chr1-1_0013
Q5AEK8	SLD1
Q6CMK7	SLD
Q8NKG8	SLD
Q8NKG9	SLD
P20815	CYP3A5
P24462	CYP3A7
Q16678	CYP1B1
Q64429	Cyp1b1
Q64678	Cyp1b1
P20813	CYP2B6
Q9GLD2	CYP17A1
Q41131	FAH12
O48916	FAH1
Q9SUC5	FAH2
Q4G2T3	desA
Q6VVW9	Cyp2r1
Q6VVX0	CYP2R1
O02766	CYP8B1
O88962	Cyp8b1
Q7YRB2	CYP8B1
Q9UNU6	CYP8B1
C4R7Z3	PAS_chr4_0465
I1RJD6	MT1
I1RNL0	MT2
Q5APD4	MTS1
A1JM47	pagP
A5I9H6	pagP
A6T684	pagP
A7MNQ4	pagP
A8AJI1	pagP
A8GAF7	pagP
B2K0E2	pagP
B2VBK5	pagP
B4EYA9	pagP
C0PW57	pagP
C1D6F2	pagP
C6C6T1	pagP
C6CNE4	pagP
C6DIA0	pagP
C7BTJ1	pagP
C9XYQ1	pagP
D0FUE8	pagP
D0KD36	pagP
D0ZCI3	pagP
D2AA19	pagP
D2C1B0	pagP
D2T3S6	pagP
D2TMR7	pagP
D3HNB4	pagP
D4GM10	pagP
D4HYT3	pagP
D4I8K8	pagP
D5B7J8	pagP
D5T5P7	pagP
D6DRS2	pagP
E0J1Q4	pagP
E0SLJ5	pagP
E0T5K2	pagP
E3DK69	pagP
E3G4M5	pagP
E8Y6Y6	pagP
F2EP14	pagP
F4LAC2	pagP
P37001	pagP
Q0T6N3	pagP
Q0TK50	pagP
Q1C8Y7	pagP
Q1CH24	pagP
Q1H2L0	pagP1
Q1H2L0	pagP2
Q1RET8	pagP
Q2NSM3	pagP
Q324S0	pagP
Q3ZUY0	pagP
Q5PM92	pagP
Q5X0J3	pagP
Q5X966	pagP
Q5ZZI5	pagP
Q6DAS8	pagP
Q7N3D3	pagP
Q7VUS0	pagP
Q7W4D1	pagP
Q7WFT9	pagP
Q83LW9	pagP
Q8D091	pagP
Q8FJZ7	pagP
Q8XBR9	pagP
Q8Z8I4	pagP
Q8ZR06	pagP
Q93K12	pagP
O35532	Msmo1
P53045	ERG25
Q15800	MSMO1
Q4R4Q4	MSMO1
Q5R574	MSMO1
Q6UGB2	MSMO1
Q9CRA4	Msmo1
P31210	Akr1d1
P51857	AKR1D1
Q8VCX1	Akr1d1
Q9TV64	AKR1D1
P00184	Cyp1a1
P00185	Cyp1a1
P04798	CYP1A1
P05176	CYP1A1
P10632	CYP2C8
P33616	CYP1A1
P56590	CYP1A1
P56591	CYP1A1
Q00557	CYP1A1
Q06367	CYP1A1
Q3LFU0	CYP1A1
Q5KQT7	CYP1A1
Q6GUR1	CYP1A1
O77809	CYP1A2
O77810	CYP1A2
P00186	Cyp1a2
P00187	CYP1A2
P04799	Cyp1a2
P05177	CYP1A2
P11712	CYP2C9
P24453	CYP1A2
P56592	CYP1A2
Q3LFT9	CYP1A2
Q4H4C3	CYP1A2
Q5KQT6	CYP1A2
Q5RBQ1	CYP1A2
Q64391	CYP1A2
A0QWG6	pimA
D7GDZ9	pimA
O07147	pimA
P9WMZ4	pimA
P9WMZ5	pimA
Q7TY88	pimA
A0QWG5	MSMEG_2934
P9WMB4	MT2686
P9WMB5	Rv2611c
P61130	ST3GAL4
P61131	St3gal4
Q11206	ST3GAL4
Q91Y74	St3gal4
P61646	ST8SIA5
Q8CWR6	spr0982
Q93P60	mgs
P37769	kduD
O97859	NEU3
Q64627	Neu2
Q8BZL1	Neu4
Q8WWR8	NEU4
Q99PW5	Neu3
Q9JMH3	Neu2
Q9JMH7	Neu3
Q9UQ49	NEU3
Q9Y3R4	NEU2
P40308	TGL3
Q9BVH7	ST6GALNAC5
Q9QYJ1	St6galnac5
O19058	FUT3
P21217	FUT3
Q11126	FUT3
Q8HYJ5	FUT3
P06865	HEXA
P07686	HEXB
P20060	Hexb
P29416	Hexa
P49614	HEXB
Q0V8R6	HEXA
Q29548	HEXB
Q5RC84	HEXA
Q641X3	Hexa
Q6AXR4	Hexb
P54751	St3gal1
Q02745	ST3GAL1
Q11201	ST3GAL1
Q11204	St3gal2
Q16842	ST3GAL2
Q6KB58	ST3GAL2
Q6KB59	ST3GAL1
Q11205	St3gal2
F6Q1T7	FUT1
O09160	Fut1
O77485	FUT2
O77486	FUT2
O77487	FUT2
P19526	FUT1
P97353	Sec1
Q10979	FUT1
Q10980	Fut1
Q10981	FUT2
Q10982	FUT2
Q10983	FUT2
Q10984	Fut2
Q28113	FUT2
Q29043	FUT1
Q866C5	FUT1
Q866C7	FUT1
Q866C9	FUT1
Q866D2	FUT1
Q866D6	FUT1
Q866D9	FUT1
Q866E1	FUT1
Q866E4	FUT1
Q866E6	FUT1
Q866E7	FUT1
Q866E8	FUT1
Q866F0	FUT1
Q866F1	FUT1
Q9JL27	Fut2
Q9TTC7	FUT2
Q9TTY3	SEC1
Q9TUD4	FUT1
Q9TUD6	FUT1
Q09426	Ugt8
Q16880	UGT8
Q64676	Ugt8
Q3EBR6	DALL3
Q941F1	DALL4
Q9C8J6	DALL2
Q9MA46	DGL
Q9SIN9	DALL5
P9WP43	cut7
G9FRD7	hdha
O15528	CYP27B1
O35084	Cyp27b1
O35132	Cyp27b1
P32138	yihQ
A0R4Q6	cyp142
P0A517	cyp124
P9WPL4	cyp142
P9WPP2	cyp124
P10635	CYP2D6
Q2XNC8	CYP2D6
Q2XNC9	CYP2D6
P00191	CYP21
P03940	Cyp21
P08686	CYP21A2
P15540	CYP21
Q2LA59	CYP21
Q2LA60	CYP21
Q2LCM1	CYP21
Q64562	Cyp21
Q8WNW0	CYP21
E9Q816	Cyp2w1
Q8TAV3	CYP2W1
O00204	SULT2B1
O35400	Sult2b1
P15709	Sult2a1
P52842	SULT2A1
P52843	Sult2a1
Q06520	SULT2A1
Q29YR5	Sult2b1
F2Y4A3	SPHK2
O14159	lcb4
Q06147	LCB5
Q12246	LCB4
Q18425	sphk-
Q6B516	sgkB
Q86KF9	sgkA
Q8CI15	Sphk1
Q8L7L1	SPHK1
Q91V26	Sphk1
Q9JIA7	Sphk2
Q9NRA0	SPHK2
Q9NYA1	SPHK1
A0R4Y3	cyp125
P63710	cyp125
P9WPP0	cyp125
Q0S7M1	cyp125
A0R043	pimB
P9WMZ2	pimB
P9WMZ3	pimB
Q8NNK8	pimB
P0DTE4	UGT2A1
P16662	UGT2B7
P36510	Ugt2a1
Q62789	Ugt2b7
Q80X89	Ugt2a1
O14321	erg6
Q4W9V1	erg6
Q96WX4	erg6
Q9P3R1	erg-
Q8DPV9	cpoA
Q9HAW8	UGT1A10
A7MBI7	COMT
O88587	Comt
P21964	COMT
P22734	Comt
Q5H879	COMT
Q99028	COMT
O77667	HSD11B2
P50168	HSD11B2
P50233	Hsd11b2
P51661	Hsd11b2
P51976	HSD11B2
P80365	HSD11B2
P08683	Cyp2c11
O15296	ALOX15B
Q8K4F2	Alox15b
O13666	erg32
O75845	SC5D
O88822	Sc5d
O93875	ERG3
O94457	erg31
P32353	ERG3
P50860	ERG3
Q39208	STE1
Q754B9	ERG3
Q7SBB6	NCU06207
Q8J207	ERG3
Q8NJ57	ERG3
Q9EQS5	Sc5d
Q9M883	HDF7
F4JLZ6	SMO1-
O59933	ERG25
Q1EC69	SMO1-
Q55D52	DDB_G0270946
Q55D54	DDB_G0269788
Q5ZLL6	MSMO1
Q7ZW77	msmo1
Q8L7W5	SMO1-
Q8VWZ8	SMO2-
Q9UUH4	erg25
Q9ZW22	SMO2-
Q3MJ16	PLA2G4E
Q50L42	Pla2g4e
K7NBR2	CYP87D18
P36107	AUR1
P38954	IPT1
P40015	ISC1
P48236	GPC1
Q9LVZ7	ROD1
B9RK42	GPC1
P07943	Akr1b1
P15121	AKR1B1
P15122	AKR1B1
P16116	AKR1B1
P45376	Akr1b1
P80276	AKR1B1
Q67BJ4	A4galt
Q9JI93	A4galt
Q9N289	A4GALT
Q9N290	A4GALT
Q9N291	A4GALT
Q9NPC4	A4GALT
Q202J4	SPH
Q3V1D5	Pnpla1
Q8N8W4	PNPLA1
O60512	B4GALT3
P08037	B4GALT1
P15291	B4GALT1
P15535	B4galt1
P80225	B4galt1
Q5EA87	B4GALT3
Q5NVN3	B4GALT3
Q6P768	B4galt3
Q80WN8	B4GALT3
Q91YY2	B4galt3
O35936	Alox8
Q3TIW9	Enpp7
Q5EZ72	Enpp7
Q6UWV6	ENPP7
P0C1S9	Daglb
Q8NCG7	DAGLB
Q91WC9	Daglb
Q7YTB0	EPP
A4IFP3	FADS3
Q8K1P9	Fads3
Q9JJE7	Fads3
Q9Y5Q0	FADS3
